{
  "batchConfig" : {
    "exporters" : [ "SUMMARY", "LINELIST", "HISTORICAL_TESTS", "CONTACT_NETWORK", "INFECTIVITY_PROFILE", "DEMOGRAPHICS", "DEBUG_PARAMETERS", "FINAL_STATE", "BEHAVIOUR", "CONTACT_COUNTS" ],
    "simulationDuration" : 200,
    "urnBase" : "age-stratification"
  },
  "executionConfig" : {
    "name" : "execution",
    "appUseProbability" : {
      "@type" : "unimodal-beta",
      "dispersion" : 0.1,
      "mean" : 0.97
    },
    "asymptomaticFraction" : 0.5,
    "availableTests" : [ {
      "limitOfDetection" : 1.0,
      "meanTestDelay" : 0.0,
      "sdTestDelay" : 0.0,
      "sensitivity" : 0.9,
      "specificity" : 0.98,
      "testName" : "LFT"
    }, {
      "limitOfDetection" : 0.1,
      "meanTestDelay" : 3.0,
      "sdTestDelay" : 1.0,
      "sensitivity" : 0.8,
      "specificity" : 0.995,
      "testName" : "PCR"
    } ],
    "caseFatalityRate" : 0.01,
    "caseHospitalisationRate" : 0.05,
    "complianceDeteriorationRate" : 0.02,
    "complianceImprovementRate" : 0.01,
    "complianceProbability" : {
      "@type" : "unimodal-beta",
      "dispersion" : 0.1,
      "mean" : 0.99
    },
    "contactDetectedProbability" : 0.9,
    "contactProbability" : {
      "@type" : "unimodal-beta",
      "dispersion" : 0.25,
      "mean" : 0.5
    },
    "defaultBehaviourModelName" : "Test",
    "defaultPolicyModelName" : "NoControl",
    "demographicAdjustment" : {
      "appUseProbability" : {
        "value" : 1.0
      },
      "asymptomaticFraction" : {
        "interpolationType" : "CUBIC_SPLINE",
        "link" : "LOG",
        "maximum" : 120.0,
        "minimum" : 0.0,
        "x" : [ 0.0, 1.2, 2.4, 3.5999999999999996, 4.8, 6.0, 7.199999999999999, 8.4, 9.6, 10.799999999999999, 12.0, 13.2, 14.399999999999999, 15.600000000000001, 16.8, 18.0, 19.2, 20.400000000000002, 21.599999999999998, 22.8, 24.0, 25.2, 26.4, 27.6, 28.799999999999997, 30.0, 31.200000000000003, 32.400000000000006, 33.6, 34.8, 36.0, 37.2, 38.4, 39.6, 40.800000000000004, 42.0, 43.199999999999996, 44.4, 45.6, 46.800000000000004, 48.0, 49.199999999999996, 50.4, 51.6, 52.8, 54.0, 55.2, 56.4, 57.599999999999994, 58.8, 60.0, 61.2, 62.400000000000006, 63.6, 64.80000000000001, 66.0, 67.2, 68.39999999999999, 69.6, 70.8, 72.0, 73.2, 74.4, 75.6, 76.8, 78.0, 79.2, 80.4, 81.60000000000001, 82.8, 84.0, 85.19999999999999, 86.39999999999999, 87.6, 88.8, 90.0, 91.2, 92.4, 93.60000000000001, 94.80000000000001, 96.0, 97.2, 98.39999999999999, 99.6, 100.8, 102.0, 103.2, 104.4, 105.6, 106.8, 108.0, 109.2, 110.4, 111.60000000000001, 112.8, 114.0, 115.19999999999999, 116.39999999999999, 117.6, 118.8, 120.0 ],
        "y" : [ 1.9685898814829992, 1.933352785896248, 1.8987464224478001, 1.864759501244897, 1.8313809344800573, 1.7985998328138162, 1.7664055018222178, 1.7347874385078912, 1.703735327873579, 1.6732390395569998, 1.6432886245259435, 1.6138743118325245, 1.584986505425532, 1.556615781019839, 1.5287528830218464, 1.5013887215099622, 1.4745143692691278, 1.4481210588784266, 1.4222001798508226, 1.3967432758240956, 1.3717420418020614, 1.3471883214451674, 1.3230741044095924, 1.2993915237339695, 1.2761328532728904, 1.2532905051763457, 1.230857027414285, 1.2088251013454847, 1.1871875393299336, 1.1659372823839544, 1.1450673978772992, 1.1245710772714659, 1.1044416338984977, 1.0846725007795408, 1.0652572284824504, 1.0461894830177445, 1.0274630437722179, 1.0090718014795461, 0.9910097562272134, 0.9732710154991169, 0.955849792253206, 0.9387404030335331, 0.921937266116097, 0.9054348996878759, 0.8892279200584535, 0.8733110399036582, 0.8576790665406395, 0.8423269002338206, 0.827249532531173, 0.8124420446302717, 0.7978996057735983, 0.783617471672566, 0.7695909829597554, 0.7558155636688538, 0.7422867197418036, 0.7290000375626726, 0.7159511825177662, 0.703135897581515, 0.6905500019276721, 0.6781893895653726, 0.6660500279996041, 0.6541279569156564, 0.6424192868871184, 0.6309201981070011, 0.6196269391415732, 0.6085358257065039, 0.5976432394649099, 0.5869456268469196, 0.5764394978903642, 0.5661214251022223, 0.5559880423404421, 0.546036043715781, 0.5362621825132994, 0.5266632701331616, 0.5172361750503947, 0.5079778217932672, 0.49888518993995573, 0.4899553131331697, 0.4811852781124145, 0.472572223763577, 0.4641133401855227, 0.4558058677734001, 0.4476470963183555, 0.4396343641233599, 0.43176505713486446, 0.42403660808999843, 0.41644649567903097, 0.4089922437228262, 0.40167142036502035, 0.39448163727865915, 0.3874205488870361, 0.3804858515984775, 0.3736752830548243, 0.36698662139336646, 0.3604176845219878, 0.3539663294072853, 0.3476304513754325, 0.3414079834255548, 0.33529689555539693, 0.3292951940990601, 0.3234009210765933 ],
        "fXExpression" : "-(x-45)/20*lg(2)"
      },
      "caseFatalityRate" : {
        "interpolationType" : "CUBIC_SPLINE",
        "link" : "LOG",
        "maximum" : 120.0,
        "minimum" : 0.0,
        "x" : [ 0.0, 1.2, 2.4, 3.5999999999999996, 4.8, 6.0, 7.199999999999999, 8.4, 9.6, 10.799999999999999, 12.0, 13.2, 14.399999999999999, 15.600000000000001, 16.8, 18.0, 19.2, 20.400000000000002, 21.599999999999998, 22.8, 24.0, 25.2, 26.4, 27.6, 28.799999999999997, 30.0, 31.200000000000003, 32.400000000000006, 33.6, 34.8, 36.0, 37.2, 38.4, 39.6, 40.800000000000004, 42.0, 43.199999999999996, 44.4, 45.6, 46.800000000000004, 48.0, 49.199999999999996, 50.4, 51.6, 52.8, 54.0, 55.2, 56.4, 57.599999999999994, 58.8, 60.0, 61.2, 62.400000000000006, 63.6, 64.80000000000001, 66.0, 67.2, 68.39999999999999, 69.6, 70.8, 72.0, 73.2, 74.4, 75.6, 76.8, 78.0, 79.2, 80.4, 81.60000000000001, 82.8, 84.0, 85.19999999999999, 86.39999999999999, 87.6, 88.8, 90.0, 91.2, 92.4, 93.60000000000001, 94.80000000000001, 96.0, 97.2, 98.39999999999999, 99.6, 100.8, 102.0, 103.2, 104.4, 105.6, 106.8, 108.0, 109.2, 110.4, 111.60000000000001, 112.8, 114.0, 115.19999999999999, 116.39999999999999, 117.6, 118.8, 120.0 ],
        "y" : [ 0.25804146743383233, 0.26753326078076256, 0.2773742001073556, 0.2875771283939272, 0.29815536103678203, 0.3091227032255572, 0.3204934679597711, 0.3322824947280953, 0.3445051688747235, 0.3571774416781117, 0.37031585116829646, 0.38393754370995486, 0.3980602963793774, 0.41270254016455377, 0.42788338401865095, 0.4436226397982734, 0.4599408481190526, 0.4768593051623079, 0.4944000904677626, 0.512586095748588, 0.5314410547663782, 0.5509895743050471, 0.5712571662840672, 0.5922702810529626, 0.6140563419105048, 0.6366437808936636, 0.6600620758830164, 0.6843417890730442, 0.7095146068575169, 0.7356133811820228, 0.7626721724176089, 0.7907262938114834, 0.8198123575727939, 0.8499683226536232, 0.8812335442875602, 0.913648825350497, 0.9472564696106821, 0.982100336937521, 1.0182259005411762, 1.0556803063176705, 1.0945124343769355, 1.1347729628341117, 1.1765144339473428, 1.2197913226883832, 1.2646601078355053, 1.3111793456814889, 1.359409746452881, 1.4094142535402627, 1.4612581256429213, 1.5150090219351298, 1.5707370903651796, 1.6285150592024082, 1.6884183319516872, 1.750525085759245, 1.8149163734382483, 1.8816762292472882, 1.9508917785598263, 2.0226533515677114, 2.097054601167175, 2.174192625181133, 2.2541680930773187, 2.3370853773476075, 2.4230526897200044, 2.5121822223810404, 2.6045902943929042, 2.700397503496367, 2.799728883497631, 2.902714067444492, 3.009487456804771, 3.120188396867801, 3.2349613585978876, 3.353956127177046, 3.4773279974831164, 3.60523797675832, 3.7378529947327834, 3.8753461214772487, 4.017896793269261, 4.165691046767624, 4.318921761800722, 4.477788913085559, 4.642499831206039, 4.813269473191065, 4.990320703045552, 5.173884582600537, 5.364200673061872, 5.561517347651095, 5.766092115746489, 5.978191958947324, 6.198093679499886, 6.42608426154001, 6.6624612456235415, 6.907533117033532, 7.161619708370918, 7.425052616954071, 7.698175637571993, 7.981345211155912, 8.27493088995472, 8.579315819821542, 8.894897240240633, 9.222087002747285, 9.561312108417303 ],
        "fXExpression" : "(x-45)/10*lg(2)"
      },
      "caseHospitalisationRate" : {
        "interpolationType" : "CUBIC_SPLINE",